priceDiff1,priceDiff2,priceDiff3,priceDiff4,priceDiff5,priceDiff6,priceDiff7,priceDiff8,priceDiff9,priceDiff10,priceDiff11,priceDiff12,priceDiff13,priceDiff14,priceDiff15,priceDiff16,priceDiff17,priceDiff18,priceDiff19,priceDiff20,priceDiff21,priceDiff22,priceDiff23,priceDiff24,priceDiff25,priceDiff26,priceDiff27,priceDiff28,priceDiff29,priceDiff30,priceDiff31,priceDiff32,priceDiff33,priceDiff34,priceDiff35,priceDiff36,priceDiff37,priceDiff38,priceDiff39,priceDiff40,priceDiff41,priceDiff42,priceDiff43,priceDiff44,priceDiff45,priceDiff46,priceDiff47,priceDiff48,priceDiff49,priceDiff50,priceDiff51,priceDiff52,priceDiff53,priceDiff54,priceDiff55,priceDiff56,priceDiff57,priceDiff58,priceDiff59,priceDiff60,priceDiff61,priceDiff62,priceDiff63,priceDiff64,priceDiff65,priceDiff66,priceDiff67,priceDiff68,priceDiff69,priceDiff70,priceDiff71,priceDiff72,priceDiff73,priceDiff74,priceDiff75,priceDiff76,priceDiff77,priceDiff78,priceDiff79,priceDiff80,priceDiff81,priceDiff82,priceDiff83,priceDiff84,priceDiff85,priceDiff86,priceDiff87,priceDiff88,priceDiff89,priceDiff90,Yi
-11.433215693,2.29289436,0.74733346,1.399480887,-1.216460374,2.359540177,1.796788949,-7.675967459,-2.70011856,2.80035856,0.457280515,-0.041024087,-0.415456428,4.729484992,-4.730104992,9.99999999749e-05,0.309060012,4.957663291,0.524275238,-2.37409518,-3.533063361,3.123601943,0.224361255,-0.907898311,-3.004304887,-2.196385627,0.582716357,-1.355583313,-2.929152238,1.332120128,0.026680277,3.818784754,-0.692116013,1.883355675,-1.97325757,1.97297757,0.500417509,-2.892913869,-1.738614111,0.538205686,2.84514693,-0.472872145,-0.029071357,-2.078145899,0.781162732,-0.632241732,-0.035673744,1.297292428,-0.421655524,-1.858470378,0.295672164,-0.052413785,-2.497775796,3.498370891,0.000139999999988,0.00124,-6.117842806,1.674360541,1.655469619,-0.890465747,1.15288963,1.365528453,-2.185715325,1.321121112,-0.378306328,-1.514244302,3.917125153,-0.557831423,3.051429034,-1.984003917,1.439245415,1.5762612,-3.516545309,-1.206839812,1.205764812,4.356987531,-4.357247531,-2.99999999811e-05,-2.422770251,2.423230251,-1.184215609,3.202905945,-2.018010336,-0.313091533,-0.703609831,-0.726533556,0.155649132,1.586915788,-3.160115987,-0.510860441,-3.226118198
1.927303969,-3.177704358,-1.340071586,-0.068873414,1.54132,2.571848505,-3.849428505,-0.21996,1.262958575,-1.405832791,-0.087992202,-1.94136865,1.671383093,0.457371975,-0.663746572,0.796221572,0.23652784,-0.10539284,-0.418297763,0.889614817,-0.471307054,0.36647638,1.277282362,-0.974723688,0.698036096,1.724294498,-0.37156554,-1.272840336,-0.599316331,-1.54155743,1.55041292,1.093041217,-0.105012957,-1.833587191,-0.467790534,0.472660534,2.53809,-1.947309223,-0.591860777,-0.508181877,0.134946506,0.748816228,0.43339048,1.404115718,-3.002975897,-0.833155356,1.336329742,0.286914456,1.632262722,-1.632422722,-1.16276503,1.27307003,-1.731446443,1.841401443,0.0,-4.174177783,-2.114794964,-0.91017395,8.040126697,-0.01347683,-0.40701317,0.938143908,0.422660314,-0.639294222,-1.19673,-0.556128661,0.610858661,-0.04985,3.050035933,-1.38453373,-1.307336143,-0.30831606,3.65493,0.2095,-1.809893262,0.952261129,0.225182133,-2.008139187,1.970471803,-0.542542616,0.123944463,-3.285322958,-2.569743595,6.06571209,0.36463,-0.998582233,0.785902233,-0.607535986,-0.767980772,-1.26320344,2.264609227
-0.00799999999998,1.546005569,-3.299285569,0.000169999999969,0.0707218920001,1.003388108,-0.095909514,-3.281151305,0.636140819,-2.834218237,-2.337165517,3.151383754,3.72058,4.328415403,-4.329285403,-2.687664729,2.688344729,0.370699913,1.16007436,-2.337982837,0.626818564,-1.106,3.370331159,-3.869141159,1.216733588,-3.201475424,0.154287888,1.931730041,-0.169514308,2.508722328,0.338717669,-0.517125497,-3.653768645,3.052581679,-1.653519319,-0.326131453,1.64448101,-2.275835235,1.158875678,-2.012183276,-0.045896396,1.439380466,0.408689206,0.963525139,0.690186188,-1.982617955,0.336576628,-4.41436295,4.41365295,3.929321846,-1.24369513,1.718776331,-4.403783047,2.615885844,-0.178853939,-2.685780922,3.740100015,0.71829534,-4.051071748,2.08488135,-0.268336505,-1.348539435,0.00599,-1.270388651,-0.053701349,-3.62734535,-1.09142967,-1.728260357,7.138895377,0.447751448,0.00189255100003,-5.437449479,0.587269155,2.223956639,1.142150792,-1.188342787,-0.304541491,1.089070178,-4.894949276,6.33284227,0.786612671,-0.546232045,-1.263733316,1.01550269,0.00216999999992,-1.125336881,3.46179152,-3.844779557,1.952508443,-0.221613525,-2.435232305
3.177703242,-1.577475826,-0.134270901,-1.044493844,0.755426325,-2.700829741,2.324573721,-0.457220169,-1.126930913,-0.40854732,3.944722282,0.880617682,4.382389951,-1.194279919,-0.901018202,-0.818327049,-1.464287209,1.438171704,1.08130525,0.692718293,2.834813178,1.229159113,2.48684645,0.117050913,3.213555729,-1.991762678,0.154276343,-0.572816552,-2.004567596,2.019063401,-0.998804483,1.130467691,-0.419948658,0.203278728,-0.104764409,1.644547999,-0.344048338,2.174585949,1.224346917,0.288725487,1.271711319,0.885904535,1.03058482,-4.310360191,-3.968882856,1.982730209,-0.678032868,1.291558547,-1.687472994,-0.371551819,-1.601704272,2.897406458,-1.608759645,0.737446199,-1.328525329,3.13158681,0.704955623,0.48092928,1.706731462,1.151931212,3.129062932,0.997768908,1.093476102,-0.605538607,0.156192536,-1.372624119,3.383450442,3.037945113,-0.393244694,-3.142932869,0.588888148,-1.508588479,-2.642064787,1.640919309,-0.25602139,-0.820011585,-1.228602227,1.60260695,-0.20712366,-1.876928745,-0.590264715,3.470909609,-1.853093492,-0.791936943,2.667841355,1.795550159,-1.138285513,-0.410143011,-3.123033394,-1.79564882,1.29499959
-2.593495973,-0.00324584700002,1.002534197,0.524046319,0.423522424,-0.950621264,-0.440688004,-0.774261566,-0.810117244,-2.454602502,0.391903296,-1.970442746,0.62057635,-0.136474262,-1.104207163,4.920316513,3.494517226,-3.917036062,1.876216037,-1.388384273,2.152098195,-4.294283143,-1.327284917,0.236052473,-3.365155317,2.977637396,-0.844676167,1.495111549,-0.89462467,0.267953355,-0.273704897,1.328109076,1.556493348,0.527121193,2.963653282,2.826262751,0.685693027,-2.9505546,0.965858649,0.899519236,-3.391074992,4.621523081,-2.470659891,1.653753194,0.036572483,1.237047765,2.029897504,3.12226503,-2.449985919,-0.139063533,0.208536662,4.456500209,0.742976356,2.251382982,1.493180228,-0.968806604,-3.814448055,1.698524088,-1.485110697,-12.455657776,-0.90570335,-2.42433665,-0.537177443,2.325353816,-5.437048111,1.934932474,0.664627324,5.721525791,-2.650714994,2.494281143,-0.695179018,-0.756182471,1.506941489,-2.105526644,-1.11900727,1.87435885,-1.3348394,-0.846695732,1.397947801,-2.21834919,-3.066292724,-0.720544585,-1.322890406,-1.489183258,0.287461716,-1.163354537,0.649371586,1.086542081,1.527131423,2.461313473,0.328335929
3.150031604,0.871273686,-0.433987028,-7.503678485,0.538413025,2.260673875,-2.377554627,-1.985652911,-3.065027771,4.626718409,0.000759999999957,0.000349999999969,0.00159000000008,-4.817983577,-1.027242602,5.851566179,-4.545822968,5.509047968,-0.970805,0.00738000000001,5.973538098,-5.975588098,0.044428834,-0.058362857,0.658191954,-0.641227931,-0.398049142,1.013872058,-0.148564482,-0.475458434,-2.571139649,1.327208903,-1.755679849,-2.742018332,-2.987421508,8.737000435,3.833877572,0.788965693,1.473264802,-2.167379713,0.902753499,-4.831171853,2.233241399,1.496867105,2.078750176,-0.331936153,-2.633470404,-0.415465611,-0.739705641,-2.749658344,1.052127473,-3.263872477,-0.892916401,-2.967823689,-0.975123652,-0.180356263,-1.588287815,-2.329094815,-0.199032316,-0.685347755,3.591405869,1.041403974,8.44956534,0.43757397,1.602695394,-2.036949364,1.211139592,-1.214969592,0.312263344,2.687451539,0.458720214,-0.704463666,-2.754991431,2.33110186,-0.561416769,-2.103723928,-1.059776994,1.394275831,1.826321912,1.635450527,-2.474576541,-0.977505898,0.545281634,0.899778564,-0.480145518,2.08252532,1.770552348,0.115848624,0.609737102,-5.544268074,-0.525249478
2.25188473,-0.00718000000001,-0.00556,3.141609924,1.679457224,-1.005729444,3.019270849,1.319539137,-8.12316769,5.286110209,1.796619103,-2.504697556,0.470553025,-4.964724781,2.233639972,-2.234119972,4.439070913,-4.437490913,-0.572182926,0.825370168,-0.13369803,-0.196229212,0.00177000000002,-2.756150903,4.041870903,3.707520243,-4.955180243,-0.13748,0.267483099,-1.253916085,0.620450391,-3.056094728,-3.21630672,6.969999043,-1.18417278,-0.805577369,-0.671280869,1.372706018,0.991341808,-0.149831808,-0.00704999999999,0.521458687,-0.981741174,-2.600051315,-1.808482006,2.795197944,-1.781511578,-2.495833736,0.180548939,1.030542574,4.305411665,0.068194575,-0.94285592,-1.774763774,0.135736585,-1.906393565,2.877340497,1.547901602,-0.6564,0.855424702,2.926564211,-2.366678913,-0.75504,-3.13846259,1.854210348,0.712063679,1.599867111,0.908124234,-1.526930366,-0.416612416,-2.898266511,1.998156511,1.34486918,0.387835851,-2.568125031,2.48215,0.000490000000013,4.451558779,0.061179977,-4.513038756,1.222205,-2.204444243,-0.258600757,-1.179456016,-0.438106203,4.737483278,1.170182434,-3.418788493,0.370625,-0.7492,0.430968627
2.547096945,-1.583015275,0.780518678,0.166452503,-0.093038098,-0.023352714,-0.812612274,-2.851908768,-0.605197729,0.385127725,4.641705952,-2.16693014,1.476089602,-0.178647167,1.11975476,-2.09953372,0.480307701,1.377553964,2.230249543,1.0611234,1.544003201,-4.837451144,-1.608047878,0.526736345,2.4708364,-1.386574867,-0.00341999999995,-0.873515,0.348490052,-0.86845391,0.2605905,-0.751051642,1.86682,-0.00137999999998,2.082669921,-3.948119921,1.85317,-1.438269649,0.541273888,0.223191355,-1.243692966,-1.428384444,2.691616275,1.075376539,3.540607667,-2.796316154,3.76001962,3.929007522,-3.213018481,-0.994976435,-4.677394737,0.554965666,0.967647672,-0.764682809,0.872065018,-2.032917915,2.784759395,1.573400792,-3.876757819,-1.455547898,-2.497801885,0.408366462,-1.624723459,5.16387678,1.068788787,1.131594188,3.090729191,-5.301592166,-3.279968681,2.604836016,0.479112942,-0.36241697,0.536606693,0.00193000000002,-0.205113436,-2.308043647,-2.05468537,0.47065038,-0.566254403,-3.270716223,2.243825143,4.148344282,-4.034851262,3.136089941,2.046245205,1.237046455,-2.307649556,-5.610963804,7.016596295,-1.354091766,-1.41756279
-0.503448845,-2.063980894,-1.895508363,3.958005399,-4.238484806,1.070463506,-0.36866203,2.528188307,0.383115911,-0.790296463,2.565377607,-3.664180989,1.176903418,-1.254218112,-0.168655485,1.228677391,-4.704267693,-4.844514961,-0.579672552,-0.653987305,-1.798645111,-0.172471578,1.693609982,0.474903617,0.60553441,-1.2507107,0.085882607,2.604703381,1.554524456,2.292519917,6.133673275,0.513679611,-0.895645408,0.371365797,-3.817498006,-1.639831723,-2.651462876,8.076212605,-2.671402992,2.5562608,-0.722258808,1.509621856,-0.533430856,-3.778023517,-1.922003084,0.570204755,-0.864461653,0.326660281,1.535609922,4.111943296,-1.810248605,1.800028605,-0.01402,-1.695528221,1.945055639,3.712545413,-0.742035217,-1.097889835,-2.140167779,2.619688677,-0.528147753,-0.693267809,-0.0791561940001,-0.779637222,1.511518872,-2.051667619,-0.014510952,1.758677968,2.756733103,0.621993102,-3.21589063,-1.942753543,-1.081044703,-0.065454034,1.687942795,-1.169214382,-1.280693992,0.455093615,1.402710701,-0.164998772,-2.431401272,-0.627308475,-2.622951351,0.755656186,2.276772197,-0.550487701,3.022812354,0.127725209,0.726174365,0.621289144,0.030946668
1.460578138,0.976804685,1.753753961,-1.222695185,-1.119064373,3.874468203,-1.088385922,-7.214109507,0.812533775,0.83246798,-4.26683748,2.401586401,-3.669076911,2.409306235,1.085330865,1.934907281,0.540262161,-1.79833354,0.706022231,0.064149696,-0.295728266,-2.494223327,0.485102899,0.713419598,-0.671150957,0.820577201,1.898656145,-2.758751987,2.583079954,0.663529483,-1.227546974,-2.195524468,0.979317055,1.260078642,-1.875023472,-0.08185022,-1.188041953,0.372913441,-2.764818229,0.499525591,3.06340115,1.098797711,-2.71766128,-0.324902763,2.132512189,-0.33157153,0.442169755,1.897838708,-2.19685279,3.009604786,1.397417106,-2.335114827,0.094771716,1.951065474,1.096395293,-5.197319548,2.186326515,2.738330901,2.540906141,-2.301632631,1.054031495,-0.993723472,0.08877872,-5.320687669,-1.698209614,-0.152821962,-2.022103727,-3.418081875,-4.143725719,0.060985979,-0.807496133,-0.012804154,0.951544188,-4.415715788,0.996192616,-0.787089976,-1.876549243,-0.930291082,-0.500349868,-0.580564193,-3.691878148,-0.767668189,-1.610402983,0.803867148,3.05123557,-3.589318169,2.043849842,1.177449269,2.544700246,-1.201739934,-1.492169382
-0.336835469,-1.088359083,3.267417445,1.383525755,-0.134659272,-2.880189371,-1.764801361,0.088912717,-0.076185935,0.015432098,1.747699776,-5.014132003,4.257582886,-0.410967384,1.579407384,-1.207573271,3.811452471,3.170006403,1.78242462,0.823234298,-1.507110447,1.440920233,-0.128453711,1.547911575,-2.181063597,-2.828442961,-1.51484409,-4.371481523,0.357029716,-5.165347909,-1.99270435,-3.107576739,-2.414642039,-1.436924047,13.755345368,-2.799870606,3.967710606,1.744480029,1.423133084,2.457388827,-0.438858812,-3.75859031,1.873828462,0.897576159,-5.366197439,-0.32419501,0.426570302,-2.435094617,0.10396955,2.228169775,2.812830223,-0.434777676,-1.739313508,-1.445460508,-3.604789076,-0.620556561,2.087279598,1.711933564,0.81584247,0.420711474,0.932203382,3.826725571,-3.918308953,0.0,0.0,0.0,0.1,-0.1,0.0,0.921833345,-2.305422185,-1.379240467,2.182753282,-0.264773975,0.234513398,-0.229823398,1.377366064,-1.682660738,0.301594674,2.047475176,0.162499202,-3.786189547,-2.714869641,4.29057481,-0.743015503,0.74884552,-0.81447122,0.321708814,-0.406289424,3.455601813,-0.253525748
-1.226571183,-4.490447599,9.843497087,-0.000579999999957,3.254481885,0.334388925,-3.58839081,-1.189863393,-0.461998595,-0.865907642,2.40478963,0.11293,5.99999999622e-05,-0.10727,0.10692,2.794952992,0.172260342,-1.230669756,0.833436601,2.661374813,-0.825739847,-3.991507804,-0.413737341,-0.710776821,0.710836821,0.829508006,-0.942578006,-0.764484411,0.764484411,0.05268,-0.05268,0.0,0.10515,-0.10515,-1.39615,1.08439487,-1.787960201,-0.793362568,-1.759170384,-0.357923019,1.003462307,-0.563938902,-1.16465211,-1.085965047,0.800286778,-2.198247139,6.215765415,-0.102835282,-0.563504718,0.0,0.0,0.0,0.0,0.66771,3.737154582,-4.071754582,-3.317765566,3.647475566,-0.000209999999981,1.521109832,-1.519619832,3.210713391,1.460638726,-1.52619814,-2.274249626,1.674972646,-0.389803422,-2.941387669,0.784364094,-3.509140912,3.511050912,2.111820746,-2.109210746,-1.154593394,-2.422100784,-0.777779816,3.356603994,2.09464622,-1.45217622,3.655671943,-1.405467124,2.473181751,-1.0927832,-3.62075337,-0.044232873,-0.631212127,0.168985,0.00126,-0.453549284,4.498182322,-3.494543038
-1.315186349,0.24154165,-0.127493423,1.199338122,-1.070758201,-0.488531468,-1.26652288,1.293792378,-1.287786581,-2.469898952,-0.048253727,-1.159330905,-0.97449579,-1.807599456,0.618860936,-1.49351898,-0.310116223,-0.259917991,-1.130953764,-2.094338263,1.43355385,1.02700127,-1.604570897,-0.092063837,13.478589481,-0.84911185,0.720964028,0.839357007,2.428410387,1.229494655,3.536339877,-0.586427632,0.278622838,-0.494652741,2.026107903,-0.83484502,-8.292699452,-1.698646891,-0.108754836,1.813841727,2.772650874,-1.632070874,-0.685868809,0.685868809,-0.86146,0.701225907,2.258490311,-2.098256218,-0.341390785,0.341390785,-0.85236,3.774789007,0.199619799,1.186442372,-5.159861178,0.85137,-0.86104,1.803593236,1.892407299,0.37418634,1.021787603,-5.342914478,-0.5931736,-1.750267168,2.147881023,0.418429938,-0.157630193,1.430097687,-1.433057687,1.927474795,-1.915244795,-2.332497581,2.304347581,-2.971679601,-2.150678344,-1.317018594,-1.510490633,-0.332962354,-1.405881935,3.343689027,-1.001176307,3.01587712,-2.003195326,-1.579419862,7.901016809,1.03199928,-0.339909224,0.749965673,3.301287695,-1.728292975,-2.194515807
-0.085308625,-0.47642892,0.165202803,-0.78704,-0.12453,-1.012496515,-0.342887928,-1.044442081,3.379656524,-0.169368376,0.757228376,0.844070068,-0.968480068,0.810220908,-0.810100908,-1.07896,-1.912894137,0.270688152,-0.390486664,1.430784654,-0.4068325,0.474904177,1.245763766,0.606690348,0.75953384,-1.206471636,0.577895467,-0.577985467,0.033675978,3.288551051,-0.283698107,0.721804114,-3.761963036,-1.014312647,-0.412491512,-1.929481733,3.356925892,1.727713845,-1.727763845,-1.373788155,1.374998155,-0.00137000000001,1.031201338,0.0968443,-1.234925638,-0.00221000000005,0.00286000000006,0.142356788,1.750977384,0.633717172,-1.056765067,-1.523448048,2.007584925,-1.390133154,0.0,-0.777864871,0.71578811,-0.059563239,0.12164,0.874269166,-1.170852499,-1.440505505,1.836288838,-1.219980675,1.219980675,0.0,-0.942709504,0.465529504,-0.550416897,0.59267788,-0.640547533,-0.735056318,2.280942868,-0.391405181,-1.331073941,-0.604010721,1.672267875,0.654461968,-0.00171,0.617046648,-0.616686648,-0.00018,0.015964475,-0.360758942,0.56103417,0.556115689,-0.507142072,-0.25788332,-1.473029848,0.659791092,0.811708756
-1.531141234,0.240292579,-0.141652352,0.141692352,-1.276241365,0.498778784,1.203867581,0.46608194,-0.226078146,-0.012324916,0.0537991,0.179012338,0.723224617,1.325593524,1.486153849,0.754984419,-5.176831725,0.441393018,-1.791303741,-1.65041982,0.085031213,-0.531398442,-0.458652241,-1.717680681,0.362356808,1.08969888,-0.34550257,-2.745127557,0.403595783,6.66632935,-0.53191,1.656933083,-2.772503083,0.993804133,2.530727924,3.883973024,2.893457847,0.526377509,-9.527260437,-0.45758,-2.467096749,0.888582838,-1.466483481,2.930442433,0.387414959,3.506288387,-3.321568387,0.138,2.52922788,-2.15386788,2.684283985,-2.689643985,0.0,0.897104472,-0.892364472,0.000135,1.273183349,0.726816775,-2.000025124,0.00018,0.202760607,-0.202510607,-0.41328,1.478395315,-1.749965315,0.67957,0.0,-1.391659419,0.438456326,0.268263093,-0.11013057,1.221565606,1.361094275,-1.787589311,-0.364739559,0.32493354,-0.644533981,1.298395571,-1.511900124,-0.198169318,-1.274869028,0.190889689,-0.290820324,0.681503534,1.744058105,-1.389738105,0.7554,1.123595957,0.426183366,-1.555189323,0.966908656
1.145751577,-0.793917365,-0.357614212,-1.237572601,2.095437106,-2.593356003,-1.083927309,1.614568522,1.148650285,0.825572791,-0.818282791,3.849465932,-0.442595582,0.441995072,0.48877838,-4.343513802,1.096352061,0.671259046,-0.349530906,1.737784147,0.221239524,1.761382916,2.045107363,-7.181624151,0.00500511399997,3.967802344,-0.541051759,0.569194935,0.0408841939999,2.651678733,-1.716294317,-3.751397057,-2.825271641,1.696397772,-0.0912983179999,-0.00799000000006,-0.219862125,-2.911729711,-1.213049283,4.343501119,1.82927192,-1.81965192,-0.00231000000002,-2.718105668,2.137520807,0.705996423,-0.256595893,-3.093593378,3.226227709,1.756759277,1.933537993,3.585373053,-2.405164178,0.40102662,-5.273422765,-0.979921574,-1.328631098,2.729811851,0.32205158,-1.301280689,-3.214478848,-0.275544047,-1.284433643,5.332616468,1.648775038,-1.655655038,-1.797100449,0.534111645,1.858089129,-2.170230546,0.49047288,-2.941882769,4.02793011,-1.998838507,-0.834398709,-1.298028584,1.400517515,2.237080273,3.069787578,-0.433580227,-2.141379339,1.543212061,3.030112999,-4.56738506,-2.016668774,-0.091017532,2.106456306,0.860323976,-1.85903135,0.103377787,-2.141007598
1.102445364,-1.146338736,-0.559821264,-1.065447483,-1.161310533,-1.565370074,-1.034177547,0.877967155,-2.006043842,0.38043966,1.654963899,3.930578765,-0.131645483,-1.600123533,-0.778123659,-2.267811401,5.039399076,1.690228501,-1.946363501,0.281749024,-0.286879024,-2.202885896,-0.559655401,0.0972502390001,2.671961058,-1.258296676,1.256386676,-1.406375017,-1.163255144,2.571320161,1.616606222,-2.711874629,0.911848407,0.01431,-0.020437793,-0.031122207,0.741666444,-0.751316444,-0.11743,1.062304123,0.49132667,-1.492640793,0.02636,1.325333018,-0.263339104,-1.270421933,0.565558885,-0.433665634,0.576739296,-0.482504528,-1.388234998,1.393414998,-0.903682158,0.916502158,-0.00155000000001,-0.431501947,-0.408163185,0.841655132,-0.00231999999994,0.15164,-0.233043911,0.200137244,1.408416205,1.451042171,-2.910321709,-1.504765677,0.349208204,1.233387473,-1.252186716,-0.913513349,2.166780065,-0.00105000000002,-0.00630999999998,0.867744959,-1.104223928,-0.479551165,0.715260134,1.759314988,-1.757154988,1.078132916,-1.071692916,0.00046999999995,0.878373837,-1.064490665,0.502816177,-0.317679349,-0.22078756,0.357720908,-1.2168107,0.588465626,1.915934585
0.070556543,-2.238643339,0.219985457,0.889474962,-2.325438132,0.450008736,-2.262935673,6.581066719,-0.782838597,0.134187034,-0.394107713,-0.175543287,0.880304783,-1.117878684,-2.16288633,1.912450659,1.053158684,-1.333260303,-2.041019454,-2.878817338,2.640749105,0.968284822,0.222337243,-2.101805536,-0.404210209,2.165402789,-2.499542022,-1.563701012,2.982550255,0.37347337,-2.075329519,1.135492752,0.363525836,-1.742981696,4.532625416,0.045957465,-6.401929074,-2.466255301,4.03215447,-1.074824072,1.610496117,-0.450208526,-0.266762213,-1.675271432,1.308000632,-1.902365313,0.375879064,3.06793223,1.006086325,4.039038368,-3.496267097,-0.057217751,4.536764384,-3.071467138,0.845441826,0.672278793,-0.863273958,-1.845106529,-0.183052047,-0.944501744,3.102844678,-0.700341457,-2.46227569,1.655571888,-1.35514016,0.347623789,1.897790916,-2.329040913,-2.39124681,-3.709812738,0.26601864,-2.915803357,-1.528166623,0.429448172,0.460870069,-1.616702382,-0.260939782,-1.403100816,-1.464977981,-0.978225687,0.793939202,1.97865547,0.693536047,-0.218347076,1.902822199,0.90709883,14.051493045,-4.251688592,1.867043276,3.07762603,-2.253360518
1.093351488,0.318209133,1.568712003,-2.949249485,-5.532260407,-1.214289949,-1.777070891,-0.515400077,1.265023289,3.013906044,-5.014543085,-5.360881261,-0.854306771,-0.261081065,0.442306504,-0.097232441,0.507524437,-0.829531079,-0.057168277,-2.17649793,-0.083356112,-2.078067896,0.087873765,1.366787216,0.676981456,-1.268401867,-1.475139369,-2.392025723,-5.270754724,2.873538471,-0.495286374,-4.249555642,-1.770274073,0.598446612,-1.139914265,-2.094117342,-1.321767287,3.594546417,2.129487894,19.109045465,-1.09781452,-0.825954886,1.156518462,-1.303842438,-1.071451945,-0.263680422,4.327908218,-1.872150824,-0.344809405,-0.019374075,0.888599347,0.160755219,-0.994611268,-1.380315395,-0.905340783,-0.071188172,1.900215765,-0.927336483,1.348478256,-2.78378188,4.138029437,-0.072706099,1.484999017,1.875615591,-3.670503194,1.300836687,-1.286452851,2.254355216,-1.113779017,0.767266112,-0.686618312,-0.124010539,2.04927604,5.938110264,1.302503869,0.338897297,1.107011918,-1.506935869,2.465846111,-1.857424158,-13.270230291,-1.496817557,0.26307828,0.155918256,0.795292176,-1.943959616,0.497339409,3.235742905,-0.989680008,-0.392196566,1.146627376
-2.707192529,1.619612529,-1.158075754,-1.657652975,3.181146492,-1.797891443,-2.486749359,-0.910118533,1.162127336,1.464072336,0.529045976,-0.616525528,1.756285725,0.825451854,-0.396550134,-2.264066534,-1.742738103,0.319351588,0.389929699,3.285290193,-0.246732836,1.756248915,0.597488514,-0.790818648,-1.058373773,-3.322880966,3.182735958,-0.622766302,1.560422372,1.287671706,-1.550851851,-3.648107123,-0.698901796,1.288117733,0.281410983,0.015796486,-0.147192208,0.402949199,-3.689860036,0.345639354,-0.15926949,1.500698568,-2.281589787,-0.585746529,-0.936693585,-0.0942749060001,-0.675057506,0.118283282,-0.518937688,-1.142575223,-3.108785293,1.074480948,0.915265132,-1.053466036,12.123339596,3.292005991,-2.892168302,-2.112955396,-0.417667078,-0.341299348,0.064795998,-0.448291814,1.590352574,0.771846903,-0.904776579,-2.843099068,1.706702877,2.534553242,0.130652704,-0.386403802,-0.034483578,0.290234676,-0.502036678,-5.834202707,-1.258817176,1.135399193,-1.61408995,4.318567355,1.671784098,-2.088318252,-1.672895472,-0.277208613,-2.480149711,0.132941896,-1.822002745,-3.646184573,-0.634473556,-0.289957269,-1.577977884,-1.324110453,-2.197358264
2.103224728,-0.588836681,1.825738672,-2.340435469,0.222906699,-1.058969822,0.113136037,1.608309413,2.259540633,1.860808301,-2.623341773,-3.905201007,-0.264328761,0.454556074,-1.492999536,0.48784632,0.120830322,-0.038781186,-1.408546021,1.574117476,2.069928156,0.889760424,-3.948735221,-3.511963648,0.831653574,-2.970965581,0.738165013,1.152213011,-1.654518223,1.208287037,-1.484246219,-1.190887689,1.018259619,-0.043755698,-1.024245639,-2.92017524,-1.032847487,-1.12241481,0.780291852,-2.362939969,1.423371405,0.686576954,14.63414889,3.340806693,1.450703286,-0.80182988,0.417578761,-4.768907113,-2.599961166,2.731416164,0.317252193,-1.622956403,-1.255148129,-2.212301949,-0.612792474,-1.631802788,-2.849674861,2.062080272,2.057803861,2.244464748,1.473434669,-3.245292749,-1.018570876,-1.025699907,4.192246195,-0.22807065,1.110532103,-0.904917216,-1.272784503,0.126029888,-0.272797439,-0.447832169,0.464699137,-1.622427522,0.102298735,-3.378456482,2.240184166,-0.608386366,1.193359782,1.781351842,2.923207813,1.208219293,1.264392124,-1.108070012,1.471671689,-1.922171389,1.412410832,-2.421985276,-0.497544764,-0.705698522,-1.550139854
-0.826189399,-2.582943604,0.13335227,-0.406687562,-2.699336613,2.797241735,0.34461763,0.040502136,-2.249045707,1.769381379,1.558050893,-2.018876152,0.771455266,-0.789789341,0.916335915,-1.420022595,-0.11823255,-0.38211341,-2.021107391,1.781213221,-0.585983937,1.647658799,-0.320251097,1.977797433,1.253444187,-2.08631408,1.110967655,1.412564295,2.91037455,2.089898323,-0.681834639,-2.399599915,0.089194173,-2.597770372,1.211532343,1.924120355,2.029435161,2.570145705,2.200674279,-2.527708632,-0.111071929,5.559170063,-2.159089886,-0.583011461,1.005951161,2.661312552,-2.047388393,0.982051777,1.687598122,-1.103575894,-0.113821236,-1.500849068,0.299409393,-2.031360515,-1.755440158,2.725785491,1.269583253,-1.945396603,-1.651313858,0.950111854,-0.549140095,-0.00493425100001,-1.574931061,-2.357499222,-1.803017868,-0.822732516,0.879191311,0.303432327,-0.819180772,4.166957163,-0.824840705,1.991140683,-0.184894,-0.277288991,0.877243267,-2.694765647,-0.352659015,1.487341934,-0.166596567,-3.141155084,0.103705443,2.179128808,1.276949219,-0.235588281,1.308728003,-2.326406375,1.449884786,-1.035264469,-2.728335704,-0.947883396,1.506715411
1.543082946,0.438656526,0.138369576,-2.253429132,4.832475104,2.064344059,-1.706293718,-2.79597078,-2.024646995,2.365987367,-0.909357296,0.319149244,0.86661562,0.043822958,-0.241719016,-1.115747902,-3.051460424,-1.772370357,2.012598186,-0.669336376,0.733732299,1.480662788,-0.853301368,1.822553547,2.68128366,0.417608262,0.538664615,0.355719884,-1.994532807,-2.280052375,3.332305901,-1.359100388,-0.854513022,-1.294594459,0.099597647,1.265772822,-2.41210423,-0.442614575,2.209684444,-0.883573043,-1.253736413,0.196206537,-1.364148759,2.932231731,0.895991684,-0.481529551,1.133584237,-2.828991556,-0.799617003,1.507315951,1.627802654,4.492887059,0.990157099,-0.209563177,4.082070964,-1.642713834,1.841787554,0.705401694,-1.331999842,1.601424009,-4.746433893,-3.716350822,2.558943959,-0.301529165,2.081349483,-0.433748407,1.502785431,-22.059202784,0.0396,2.885274358,6.6320359,-2.362094756,0.554349648,-7.65015515,-4.673186012,1.892005393,1.569538309,0.191297121,1.475478444,4.613626278,-2.142860056,-0.067936082,1.100463768,0.17892808,0.044025874,2.895474937,-2.625133205,-1.348925876,-3.874406973,1.903261509,-2.901901509
-1.488938394,1.529304832,8.474396501,-0.054511281,-0.727738684,-2.666137255,0.052537537,-0.262053379,-1.898549283,0.388070337,5.168382008,1.189558459,0.442031369,-4.407427602,1.79103841,0.88559337,0.531097895,1.472364478,0.639603654,3.871013552,1.732730079,1.130378561,1.679188321,2.600753822,-0.102384681,3.09088749,-0.370145619,-4.530465926,1.825898073,-1.364310628,0.145636753,-1.67646387,-9.06172596,4.530301895,3.199897098,4.010367323,-0.066675993,-0.392383071,0.733514439,-13.203381691,-1.367761317,-3.170276687,1.7374244,2.396854631,-0.994559396,2.0189731,-0.187498632,2.272836272,-4.55530162,1.183719249,1.100098193,1.049627459,-1.817403503,-0.410189169,-1.263129463,-0.600328839,2.118400955,0.218212422,-0.648759864,0.55123006,-1.678268457,1.352791874,-2.691659654,1.677248398,-1.358186698,1.030687955,1.579403259,-3.708922577,-0.960955177,0.338152784,2.780246171,0.359193871,2.02077954,-0.738751138,0.867756246,-1.989174973,0.119282651,1.531146161,-1.311160109,0.781285553,0.089607008,1.703975569,-1.207312933,1.408265376,-2.008234716,1.733885194,-1.157057024,2.521012313,-0.7291807,-0.41960391,2.1674587
0.307684772,-0.703349683,1.325262464,-0.437386866,-1.882800557,1.065629873,2.231023182,-1.853749828,-2.842163133,2.561121486,1.586558372,-3.096448936,-4.026867548,-2.488636722,2.131567829,-2.123117304,-2.64198406,2.391246046,-1.420533199,0.928735886,0.457573183,-1.548748984,0.8862205,1.924554117,-1.585376152,-0.108759483,-4.179230434,0.964990529,-1.39814381,0.190571857,2.988283316,1.856036032,-3.930400483,-0.558863486,-3.52096705,-0.777412197,-1.434344095,-0.796967002,0.691681871,0.05031893,23.856866566,-0.927040992,-1.710952168,0.279475963,2.197457197,1.241689778,1.392069762,0.218186917,-1.391246457,-1.558348104,-1.090284058,-1.139653694,-0.159701943,-1.395612694,2.152750585,1.853426536,0.892787418,-1.965698493,-3.976875395,-0.456240313,-1.944506267,-1.797784112,-1.874706253,0.681187428,-1.627060619,0.661700452,-1.641263778,1.787954152,-0.344437888,-1.031629898,-0.583979601,-0.931761892,-1.856148956,-0.936842348,0.7662246,0.85149827,-0.013485041,2.491479288,1.385717241,4.871916854,0.364341396,0.775093718,1.001536435,2.722737995,-2.507993985,-4.102521182,0.989278684,2.13830409,3.60308101,-1.938740123,-1.184782251
-1.895562637,0.409044248,-2.073318314,0.785181917,0.1225082,-2.887039438,1.07532569,0.228917034,-1.400717364,-2.760526182,1.313634506,2.20013617,2.142208437,3.737586404,2.044263214,0.493079444,2.859111269,4.093968087,-2.827220701,-3.179598344,2.977490959,1.097748921,-2.976852815,-2.857832141,0.970797642,-0.027893568,-0.863949503,-0.327146862,1.532136225,-1.147470308,-3.90035305,1.841347075,-2.505439804,3.581649384,1.884310215,-1.620810756,2.305872644,-2.387903351,1.16570497,0.419800638,-3.855332611,-1.586346176,2.344903199,2.425998943,1.163709428,1.295581409,2.05326908,1.193910127,-4.287406503,4.058204838,-0.189552414,3.604365251,-0.71906503,-1.130716176,-1.926153276,1.926153276,0.591150702,-0.591150702,0.721326662,-0.721326662,1.144823248,-1.144823248,0.996748328,-2.336793328,-1.706961593,3.047006593,-1.399357711,-1.938500787,0.991456019,-1.611761271,4.09116375,-1.212337413,1.212337413,-1.6403023,1.579078435,-2.239245007,-1.674418337,1.326146403,1.128101566,-2.972510693,-0.20236377,-0.589024094,3.060122865,2.006276843,0.631339138,-1.146435802,-0.4098618,0.268944139,-3.773408145,-3.70888433,-0.182457472
-3.064470158,1.762560946,0.129464591,0.823557284,-0.505692033,0.565413434,2.737717464,2.659186718,1.69564432,-2.373548217,2.494431914,0.29996441,0.203751739,-0.811912564,0.600332545,2.505221434,-1.134349747,-0.287668546,2.794997433,-1.336384216,1.849053043,1.050879845,-3.363073093,-2.105836528,-0.098754551,-1.158535723,-1.320064381,-1.122219343,3.874780938,-0.93074066,-3.650471867,-0.031298571,1.175712747,-0.698844973,-2.586378222,-1.830793787,-0.975077135,-0.841187517,-0.880989727,3.101628184,0.00708740200002,3.441882427,-4.855378373,-0.141542975,-2.115319234,3.224355853,2.377816956,-1.371082797,-2.847084664,-1.890438497,-0.499595765,0.794480997,-1.100197543,0.235904147,0.738934443,-3.687724254,-2.022659601,0.628449292,1.016315969,2.545840906,2.477343851,0.000182274000053,-0.261874953,2.779975822,-1.173043204,-0.513772011,-5.409454254,2.560189101,-8.008264101,-1.70371647,-1.979828885,-0.211648794,-4.767941307,0.041504947,-1.508913491,9.178329,-0.756395,1.637701522,-3.519217817,1.158244764,1.854017011,2.234881883,-0.874538135,1.182143628,-0.518283121,0.927370129,2.004653763,-1.817288627,-1.683637816,1.02920183,0.642638697
0.670879296,-0.211366494,0.337097011,-3.614586247,2.016754241,4.110798192,0.610317517,-0.108877839,1.821726442,-0.149113196,-4.367690218,-1.355549164,-1.773314901,0.625680498,0.972210501,0.408285935,3.774161246,-2.930079874,0.134745785,-1.250921374,-0.557178637,2.056559726,-2.084218809,-2.01885724,-1.758561776,1.70790628,1.132840713,0.655133367,1.353285016,0.634173664,1.923925526,-1.801295242,1.731927353,-0.463237333,-4.099835304,3.141575888,0.037460209,-0.601063673,0.171168887,-4.424241534,-1.720858748,1.937358895,-0.016850261,2.021572138,0.738660315,2.813657494,1.423599698,2.119879783,0.924369178,1.907187355,0.441590998,-1.263489137,0.632741604,-4.991499275,-0.225345155,-0.029744957,2.08543847,2.544060005,-1.743690331,-0.124744601,2.005537348,1.536695026,1.446574938,2.003063989,0.192016355,-1.886569367,-2.874383233,-4.099683399,-1.456638374,2.112569602,0.751215047,-0.989567088,-1.976197399,0.622017908,-2.320645861,1.922205974,-1.101645486,-1.475843216,1.60239794,0.061046385,-2.26221404,0.196217908,0.589616829,-0.203866594,-2.165683673,-1.77520392,-0.566880939,-1.300043138,-2.444622318,-1.398514996,-0.162268197
1.241540285,-2.819903458,-3.509647238,-0.193763225,-3.000552181,-3.945272323,-1.990634922,-0.666022463,-1.085050319,1.544818526,-0.580848607,-1.470623328,4.260620649,0.270306266,-3.948123768,-1.509553231,2.627422717,0.808934363,-0.406249133,-0.57691667,1.433725446,-2.194020786,-0.546522287,1.354466691,0.814434402,-1.504918656,0.734977442,1.486965663,16.268530619,-3.40215,0.313923403,-0.051933689,2.647597904,-1.678384909,-0.672694187,3.129092402,0.516175125,-2.037609398,-0.648560415,1.276840691,-3.142673576,-3.148842743,-0.620613007,2.279514029,1.745509455,-0.304451284,-1.546465272,1.642502026,1.818708503,2.414736158,-0.03883089,-0.405132325,-2.874290088,-1.072960901,-0.38817962,-0.097922059,-1.29036739,0.203806433,0.522271476,-1.073234293,3.014340461,-1.475467317,0.335228749,0.851548713,-1.030208559,-1.147649274,-2.734672026,0.388900756,0.422249393,2.0380294,0.626260901,-1.409998874,0.527651805,1.507228561,-0.16066498,-0.926446077,4.816826809,1.883817148,1.122152463,0.031601826,0.300218961,1.241716211,0.891863333,1.299964628,2.156402626,1.748860809,-0.779212856,-1.463484719,0.890154989,-1.922006803,2.044643481
2.088819788,3.04164377,-1.195275085,1.038352489,-1.747658426,1.502323018,2.498671306,2.976817655,-2.434547584,-0.086798023,-0.429497273,0.494207424,1.808381377,-1.543798233,-1.614214387,-3.564049445,-1.760854106,-1.180662538,-1.394173627,-0.730476458,-2.708414277,-0.787853854,-2.261479142,1.706311761,-1.675592623,1.412768145,3.325156135,2.498473436,-0.677783545,2.109182217,0.80162103,0.282228727,1.669155474,2.147649021,2.261669906,-1.44900025,-0.95989428,0.914759005,2.388614333,1.681018102,1.533013692,0.404334105,-1.2088765,3.190932635,0.605588095,3.260665767,-0.8741957,0.00201503199997,1.447888146,0.230410915,0.215783682,1.119975368,-1.486366594,-1.427378028,-0.495866473,2.301371088,2.089595894,4.970533663,-0.397993282,0.415406284,-0.636180676,0.800307827,0.981049299,2.721160193,-1.038838783,0.544086907,-3.191824321,-28.080438577,0.13374837,1.060778572,-0.251817685,-0.534944082,-0.506519084,1.982688132,-1.341774606,-1.125852255,-1.550819157,1.765514871,3.116538046,2.142243604,-2.875494414,2.404519794,-0.605943458,0.892848113,0.735737387,-3.8241056,0.491811938,0.162345373,1.578011054,-9.036084913,-4.271788844
1.346450538,3.274930442,-1.69664349,-1.058837505,-1.196141753,1.001048018,-1.265661661,-1.352892929,-2.713016151,-0.769852563,0.545246814,1.715316581,0.085415815,3.474938886,1.382591731,-1.299063529,-1.946687265,0.289468602,0.0255928180001,-1.349759222,0.630764602,2.870668341,1.02618391,-2.017219909,-1.986325511,-2.339505848,0.958902324,-0.648807791,0.291512319,0.901354221,-0.480713664,0.181294375,14.119492649,-0.851276111,0.0633874809999,-0.690617356,4.322712807,-2.98990335,0.096147886,-0.305324772,-0.372421113,0.579155587,1.461527938,2.857214927,-3.04245863,1.172375945,2.205597931,2.762774429,2.887002125,4.106288659,1.384494119,-1.152219928,1.902174437,2.1446574,-0.188122589,0.719644955,-0.273112109,-0.362349417,1.618252623,2.027032674,-0.00415362900003,-5.739566202,3.945077855,0.190795584,-0.45303271,-18.476027446,-1.24094,-1.85054,-3.810960231,1.798649176,2.012311055,0.101831351,-0.303313663,-1.966764874,-0.628842977,1.395686755,-2.292777904,0.086670251,-1.370077519,2.98254289,-0.268409246,-1.436659483,2.558094784,-1.060218627,0.903630573,-2.169874919,-1.554693984,1.218057855,-0.448997728,-0.807635518,-1.35495859
1.684635937,-2.256979325,1.192588051,-1.705307487,1.797630534,-1.666644503,-0.468399278,1.019313589,-2.53775634,-0.469628365,-0.887103646,-0.653439986,-0.734430627,-1.079619665,-0.777483505,-1.113848313,1.343940026,-1.952286766,1.790700923,0.588663981,-1.307561018,0.549029293,0.388265528,-2.35471495,1.798163516,2.449517658,-1.766718986,-0.101660081,-0.432736629,-0.811678201,-2.952433386,-0.697213791,0.395500012,-1.429693977,0.564206496,-0.170023898,1.055518693,3.177211489,0.084220232,2.373539126,-2.855901235,1.675909291,-1.559741873,3.373937413,-0.91473794,2.767304747,1.439469375,-1.815139508,-0.864572066,-0.051866177,-0.086154886,-2.702673514,0.79511379,0.687828204,-0.648164496,-1.114826314,0.24230788,1.051234598,-1.467825735,-0.181133745,-2.469173393,-0.014126861,0.65784701,1.317803444,-0.552629565,-0.108118742,-0.408147057,0.964767383,-0.141631229,0.931885645,-1.423831173,1.123845767,2.846519224,1.557934121,-1.500005143,0.792886198,0.975243157,-0.442204597,-2.881107092,-1.396531502,-0.317352502,-1.309116004,3.964030813,-3.039590972,-0.304789521,-0.779145334,-0.780535626,-0.618136057,1.100625115,1.109658706,-1.162069742
-0.256994783,-2.492034565,1.177101966,-1.131436657,-3.870153942,-0.838613686,-3.117149027,4.086544424,1.290454588,2.256637453,-1.010296076,-0.612684769,-3.164781498,-0.539083224,-0.36377805,1.513827609,2.311790878,-0.175180901,3.127690533,0.896930386,0.19282427,-4.376577736,-0.553770311,-1.313029548,4.133678397,-1.581345669,1.026805744,2.147640359,-2.011055881,-4.952911813,-0.977760608,-3.100929302,-0.691650335,-2.129845033,-0.959098137,-1.549020616,0.897826216,1.01743516,0.72440334,3.882019379,-0.634239732,0.465608017,-2.780596798,-0.010926612,2.263411011,2.013527949,0.027886047,0.325319767,0.137399281,-1.293513416,1.351511523,1.533433727,0.97837107,3.303778108,13.728421523,-2.490326123,-0.407349158,1.98848858,-0.970430802,1.615298837,2.551376932,1.084935307,-0.12484977,-2.23833796,-1.666008031,-0.017100203,-1.14480787,2.612070807,-2.071720072,1.599318768,-0.398095991,-2.663941496,-1.850330829,2.662193231,-0.96529827,0.539771161,-0.681372312,0.725598436,-1.947533962,2.378815442,1.442529919,-2.34860973,1.377952846,0.186347302,0.607595011,-2.189213873,2.348611115,1.021257634,-0.473037178,-0.281252906,-0.59664006
1.541499267,0.714925954,-3.663268744,-0.926587566,-2.364197142,-0.067700153,0.922047543,-2.055070893,-2.487193736,-0.15649963,3.17588323,3.454813181,-2.224619704,-1.19386762,2.661144608,-0.589020764,0.681827047,0.149578178,-1.299301723,-1.289546112,-0.201248384,0.966171065,1.309346749,-0.166313659,-0.507452073,-1.906636456,1.5132301,-1.801980302,3.123826411,0.548901082,3.912256236,-0.5385328,-1.009002747,-3.399915992,-2.111110262,0.356685692,0.107577114,1.065760464,-3.248860296,-2.083136351,0.136841918,0.117990338,-1.158324823,-2.742705,0.792491461,-2.980170505,0.977382143,-2.354411316,-0.472375947,-2.04386775,-0.116503025,15.175639153,0.946506958,5.051632157,-0.120227761,-3.698405424,-0.751952206,0.323286424,0.140162234,0.181694592,-4.793901653,1.473876524,-2.362901367,-1.542787046,-2.999534069,3.466400541,-3.763227026,-0.068308531,-0.175777243,2.648905133,0.405461055,-0.351540852,2.87778756,2.04697488,-0.279556543,-1.64767741,-0.604531207,-0.245817487,0.567241043,0.715032682,-0.788452846,0.252426089,4.472614414,1.550271381,0.825485023,0.261365618,-1.719244881,-1.973482592,-0.493073573,-0.822133939,-3.051840236
-0.492230954,-0.682751299,-4.266389462,-1.070098912,2.174948389,-0.070828863,3.239731476,-2.778012805,-0.655604731,0.655604731,0.206075996,1.962255925,-0.048725951,-0.487698352,0.022009153,-1.72555769,2.771248529,3.778217723,-2.788721471,1.964776008,-0.711972024,1.530806893,-0.054930127,1.092899847,-1.408837634,3.152585111,-0.292223809,-0.399744815,-1.766287273,1.990354628,3.094668491,1.682599079,-0.773366707,-1.260560106,-1.487814348,-9.857597076,0.0,0.0,0.0,0.0,0.0,2.026258361,-2.768146617,-1.073143986,0.188625945,-1.676482579,0.348673629,2.954215247,1.096929065,-2.945035975,1.97204312,-0.30839621,2.173538832,2.524250566,-0.35796644,-3.502645807,0.854209386,-2.087926537,-3.963117306,2.035167913,1.927949393,-0.461319536,4.203827495,-1.213345484,3.014948195,-0.766174952,0.120289685,3.700504046,0.096924149,2.096714479,-10.792368077,3.397662988,3.664919498,-1.204707583,1.305647936,-1.758787798,3.455280526,2.24308831,0.938840339,0.92581508,-1.117588853,-11.850170443,-3.960027799,4.402189255,1.196212438,-1.638373894,-0.749520923,-3.44463537,-3.269117709,-3.654630638,3.977170044
0.173649042,-2.314631832,-0.265572248,1.980936922,-3.391037313,2.586136285,-0.035188203,0.890374091,1.667784358,0.019460053,4.950865712,-0.859315763,1.356658525,-1.497493742,0.386658783,-2.141029894,-1.540326436,-1.774058539,0.039780106,1.890428715,-5.29288135,-1.595133244,-1.445610091,-1.335020415,0.550436074,2.47390601,-0.757648505,1.269285965,-0.536668614,-1.237760492,-0.607297435,-1.6753833,0.070184206,-2.408501213,-4.034637221,-2.651505214,0.418519341,-1.586471249,-1.109312488,-2.536536138,-1.574896371,2.455679314,1.97581675,-0.921639896,2.186561852,-2.107507553,-1.01566957,3.244118891,1.771700211,1.216782147,-1.85696006,0.877586027,1.564046651,1.116564923,-0.484939264,0.373854963,2.575406505,3.913935873,-4.316562173,0.323387571,2.8752601,-1.594034382,-1.763481537,-0.906061767,4.329454747,-4.865942573,2.895838478,-2.652887925,16.208472328,0.858558976,-3.478745657,-2.456838893,1.48830166,-1.898976397,1.542985751,-3.375860062,-0.270896855,1.935197746,-2.015244413,2.115792793,4.171197016,0.676325537,-1.642345695,2.487469325,-4.429355472,-3.344477502,1.177377483,0.943431083,0.99547157,1.432704697,-0.249500403
-1.147425526,-2.739174233,-0.612471678,-2.14747951,-1.806064209,-1.004022144,1.897821188,-2.216777629,-0.152005257,0.322037276,-0.960289337,-2.285323234,1.3059988,15.267860001,0.0,-4.04491637,-0.678024707,0.028489657,1.142469912,1.899675597,-3.872937219,-2.031183024,-0.584924144,1.47006741,-2.323464765,-0.332317667,1.16983136,-0.58740643,0.753360869,-3.253052052,0.791533084,0.369467953,-0.139843451,0.837658059,-0.202784417,-4.436679642,15.103289987,1.132937765,-3.639239807,1.500284194,-0.255992141,0.811418068,-0.27663608,2.014306441,2.387128802,2.530154501,-1.675831243,2.511594901,1.058921399,-0.6757093,-0.510682388,-1.64708405,-1.270100316,-0.083338893,2.37991764,1.579217339,-2.033591211,-1.520455599,-0.98357767,-0.028205071,-0.806364397,-0.076624402,0.274380427,1.201264096,-2.65438599,-1.480526532,0.640478776,1.605530463,0.784464263,-2.846382326,-2.882752287,2.080594794,-2.96658108,-0.411926166,-1.801956651,-1.961094776,-1.260009646,2.074221301,-0.906661017,-0.226946626,4.676288029,-2.577418745,-0.684787996,-0.307659347,-1.761400509,1.676199182,2.102062331,2.544264739,1.959775305,-4.070286061,-4.606773779
0.000530000000026,-1.405805604,1.400835604,0.000650000000007,0.00387999999998,-2.225469719,4.516720188,-1.283121746,-1.895809345,1.624514663,-0.740564041,-0.7381213,-0.664872483,-0.457750114,1.860373897,-0.357399291,-0.492651935,0.955427501,1.132442575,1.067977636,-0.547308258,-2.189798228,-0.159562595,0.159202595,-0.095145019,-0.00514498099994,1.168321842,3.042391514,-4.185873356,0.289867642,-1.029237274,0.597689632,0.00110000000001,-0.811212789,-0.996676696,-1.450261979,-1.998637985,5.026459449,2.690454986,-2.991639986,0.300945,3.928397605,-3.888117605,0.000790000000052,-1.274431924,0.505256924,-0.126625,-0.00278000000003,-3.403476693,-2.552460946,-1.317682201,1.255726707,-5.337208004,11.266491137,-0.410436437,-2.348609722,1.840927587,0.914948572,1.202764348,-3.069896386,1.593942979,-0.629758276,0.717347335,0.00263999999999,-2.230667592,3.468590285,-0.892132693,1.156671489,-0.982031489,-0.00180999999998,-1.290195783,-2.132320017,0.326192602,-1.094485815,4.193509013,-2.513914802,2.513094802,0.405707613,-0.407417613,1.047713627,-0.502379835,-0.683503792,0.492242375,-0.494352375,1.322834295,-1.321004295,0.146170484,0.265501607,-2.174867174,0.73983373,1.364718512
0.78075,-0.75187,2.31610224,-3.758904757,4.011911723,-2.356939206,0.650549246,-0.650039246,0.000159999999994,-0.635895105,1.710662354,-1.135807249,0.13049,-0.366635703,3.777027299,2.286845667,-6.110937263,3.241998558,2.485007707,-0.022045008,0.38873853,1.659179375,-7.963579162,0.3333,-0.13315,-1.345523561,0.075856212,1.510057349,-1.071612588,-1.746931019,-0.923101121,2.482566469,1.655607762,2.468947105,-2.744236608,0.173469635,1.824896043,-1.801417873,-2.317233646,0.369587566,1.768288275,-3.12322267,1.864115066,1.297987604,1.01745323,-1.14503323,2.958781952,1.765982107,-3.269429848,1.195400345,-2.643514556,-1.884468817,0.074172609,1.577060961,0.353695247,0.393494534,0.275641504,-2.382370286,-0.134515904,1.810810152,0.286269403,-0.358233804,-0.0173055990001,-0.031377452,-4.031150542,-1.130106071,4.702354065,-0.82529314,0.943546473,1.201724133,-1.284887466,0.194525,0.177935,-0.349,-0.912739073,1.718859073,0.141661693,0.694349522,-0.00766279599998,-0.248798419,-2.656884424,-1.93132715,2.679217405,-1.236995695,3.046299864,0.092620696,0.087602683,-0.791735673,1.786501375,1.973728115,0.121877746
0.931843528,-0.411143593,-1.795444254,-1.13496,3.801649714,-1.624859714,-0.392302438,0.392482438,-0.020208842,0.010198842,-0.00876,0.808681102,0.479732391,0.334831901,-1.624725394,0.551482372,-2.956184848,2.395062476,1.853768627,0.809153665,-2.661942292,-0.00010999999995,1.750212218,-1.749972218,-1.645943386,0.55375349,1.397819896,-2.307020704,2.306775704,0.010645,-0.105968789,-0.991461942,1.097000731,-3.329556005,3.329606005,1.828772139,-1.831057139,-0.659884262,0.682979262,0.0219099999999,3.067140357,-3.036640357,-0.057575265,1.4592264,-1.022971135,1.566875206,-3.29748801,-0.013119689,-4.391791527,6.13390402,0.00018,3.978122041,1.311724624,-5.293306665,-0.29581,-0.00607499999995,0.000445000000013,4.013530067,-3.094581755,-0.922298312,1.676562297,-1.662962297,-1.817386957,1.858566957,0.08441,-0.00405000000001,2.4870798,-1.91734631,-0.995314081,-1.125131979,1.55152257,0.00230999999997,1.124139229,-0.990939229,-0.462080349,0.54066455,1.762437048,-1.726048845,-0.317775438,-1.224352424,-1.060304214,1.059894672,-0.855433217,1.248081732,-0.790668515,0.249101767,-0.227886767,-0.550024933,1.899314933,-0.934669337,0.940839337
1.727280283,0.365881628,-0.365921628,0.000179999999943,-0.926416964,0.928046964,0.164780321,-0.166930321,-1.039777725,0.25034523,0.027367821,0.628884674,-0.96675871,0.465474785,1.023147861,-0.0227469439999,-0.597296992,0.10598,0.06230709,-0.06992709,0.000139999999988,-0.00206000000003,0.629009717,0.124362467,-0.752672184,-0.551085337,0.453945337,0.09824,-0.00187000000005,-0.950267693,-0.271013335,1.223551028,0.854449589,-0.039201455,-0.320765177,-0.564192245,0.069109288,-0.680268283,0.678608283,-0.595641558,0.595991558,0.980239987,-0.978479987,-0.624952882,-0.686634518,-0.237702673,-0.47790058,-0.888992075,-0.071199216,0.843182728,2.063559216,-1.214338637,1.212768637,-2.225053616,2.227008616,-0.927876411,0.927391411,0.155493383,-0.186126638,0.029593255,-0.00042000000002,-0.07248241,0.07243241,-0.429849089,0.431279089,0.596295891,-0.482486145,0.758287561,0.72004636,0.19588038,-1.803763072,0.015779025,0.052131694,0.365271414,-0.374609812,-1.326193887,0.972900591,0.08455,-0.7430134,-0.123721133,0.867409533,-2.146343888,-1.857567679,0.334724666,3.669321901,-0.00027,0.225164041,-0.378986541,-0.526162066,0.475024566,0.202862789
-0.160232678,-0.421090784,0.190007835,-0.656206039,0.976763386,0.093233692,0.491982514,-0.493322514,0.478803854,-0.480963854,0.00236000000001,-0.33558976,-0.089174862,0.191587688,-0.650190839,1.185837773,-0.57059,-0.293820909,0.290980909,-0.27307,0.746614565,-0.219060661,-0.511723904,0.941780727,0.736225468,0.030169154,0.237354058,0.530818252,-2.465687659,-0.108409421,0.094910663,-0.805526798,-0.000165761999995,1.071031318,0.017317177,-0.0298869010001,0.016509724,0.0282300000001,0.665570595,-0.666215595,1.19758166,-1.19601666,-0.00290999999999,-0.647505095,0.649290095,-1.385422758,0.222627729,1.163490029,-1.133808674,1.136548674,-0.36933983,0.37054983,0.152594781,0.980823183,-1.136137964,6.99999999938e-05,0.273067468,-0.270427468,1.225336516,-1.226686516,-0.209190409,0.210600409,-0.00353999999999,0.00355999999999,-0.000400000000013,0.000470000000007,-1.189325309,0.795478227,0.393407082,0.000439999999969,-0.258011986,-0.007220835,0.264322821,-0.891023948,0.034983341,0.855610607,-0.481899004,-0.218650733,-0.956696249,1.657965986,0.79509472,-0.79562472,0.087986583,-0.116316583,0.03172,1.456836091,-2.544316091,1.90051,0.090068158,0.243123351,-0.327331509
-3.553158349,0.22217,0.127517814,0.483052186,0.431996162,3.487325448,-2.279321207,-0.823398077,-2.258172326,0.96072,-4.22333815,4.23883815,-0.00112000000001,-1.14010657,0.96782657,-0.000189999999975,-0.378833939,0.375093939,-0.000170000000026,-0.000330000000019,-0.000560000000007,0.143099894,-0.048659894,-0.000240000000019,-0.327577693,-1.961484021,2.290921714,-0.00585999999998,-0.00178,1.362559954,2.846993025,-4.193062979,-0.734079653,-0.359561675,0.829051328,0.455550009,0.109951856,-0.040683294,0.187151429,3.870979991,-0.422549215,-3.704640776,0.45700214,1.436173551,0.348878625,-4.340929171,-2.725024541,-0.845498112,-0.355602144,3.161805034,1.413357317,2.105977301,-0.67092022,-0.140113969,-1.085411578,2.126329884,2.973626088,-2.815149092,0.86475952,-1.026480543,2.342597168,-0.736958618,-2.058714277,0.060155637,-1.851431726,1.887501726,-0.04478,-2.420282603,-1.479012859,5.653225462,2.426473193,3.205527092,-5.960800285,-0.905977095,0.288367095,-0.423039534,2.937760428,-2.140600894,0.00629499999997,1.532372174,-0.797657174,-1.21397919,0.88042919,3.140378579,-3.702918579,-1.531819698,-2.057929602,3.5335793,0.0784,-0.00168000000002,0.739929153
0.551248776,3.365471224,-3.7092,-0.5304267,0.64350222,-1.116090814,0.391949943,-1.979411126,2.486596477,-0.07315,0.35594,1.573398481,-1.889938481,0.427630721,-0.524402653,0.713645235,-1.39467686,0.787263557,-0.852800562,0.851470562,-0.17392,-1.255834721,-0.0517684330001,-2.246857979,-2.260523709,5.612224842,0.852825178,-0.176239252,-0.508615926,-0.00659000000002,0.0221300000001,-1.419798505,1.446528505,-2.289012531,2.680973525,-1.658065224,1.22770423,0.0568,-1.274642636,5.148069948,-0.429794667,0.08080459,0.320185942,2.354857742,-1.964211673,-4.176429246,0.856177602,0.246524616,-1.099662218,1.60149787,-1.38156787,-0.279852594,1.411866204,0.176240716,-0.82771529,-0.952154756,-5.032511939,5.324037659,0.71032,-1.407670811,3.101345811,3.198511102,-3.213436245,1.555326514,-3.911386371,4.7456,-4.92084,-1.474974485,0.383350577,-1.115610995,2.208314903,-1.323120069,0.598780823,0.722399246,-0.107129639,0.113799639,0.856127341,2.634159033,-3.469996374,0.356037912,-0.470153835,0.311737081,1.734295085,-2.108586243,-1.107329667,1.107819667,0.00401999999997,-1.969494135,1.971704135,3.450799451,2.951330954
-0.810733561,0.234363986,1.099588757,-0.273728783,-0.016968546,0.172805401,-0.168604348,-0.541463881,0.720528229,1.136194721,1.243895279,1.484948362,-3.602028362,1.160059735,-0.016530887,-0.115596346,-0.379195324,-0.915617309,0.599947205,-0.327468015,0.019520941,2.662439263,1.698473071,-4.355412334,0.685863555,-0.659165076,-0.130186256,0.124197777,1.427528317,0.138340935,-0.998043326,-0.567755926,3.602321265,-1.518916434,-2.083554831,0.000229999999988,-0.307937018,0.996011932,0.791313089,-1.475628003,0.119253212,2.487436346,1.390563709,-0.5166644,-3.744968867,2.208867124,-1.625296144,1.229409135,-1.794720115,-2.224558164,2.241868164,1.593206967,-1.504214613,0.518526978,-0.886799332,2.229071211,-1.935581211,-0.657031086,-0.865370169,-1.11358631,6.675817565,-2.787687715,-1.745672285,-1.704239295,0.116637421,-4.395792265,5.957689139,-3.138785457,-1.700837116,3.470089753,1.705132199,-1.616990089,1.74481571,-1.187749587,1.390781021,-0.185091434,-2.320360684,2.203110684,-1.203504295,1.212174295,-8.00000000822e-05,-1.434795152,0.576966223,-0.73510547,1.346174399,-2.319022615,6.805962615,-1.438178532,1.436888532,-4.91012,1.020802775
0.757804167,0.051180898,1.356444345,0.166243343,1.227332048,-3.123485634,-1.59609194,-2.542760722,3.956667662,0.00184000000007,-1.289657228,-0.855750924,2.145557499,3.779050267,-3.845059614,0.347698808,0.258901192,1.888853154,-1.241592294,-0.081024716,-3.340598058,2.208311914,-2.096684953,-0.940459075,0.863158429,1.373706883,-0.196641019,1.187179735,2.053059354,-2.053809354,0.22978804,1.570612672,-2.230460712,0.299557362,-1.673083512,-0.203585683,-0.581867592,-1.332729393,3.607778818,0.407788747,0.179601429,-0.518330176,3.994902408,-4.002682408,-1.443491977,-2.526495438,0.231861519,3.740675896,-0.00990000000002,-0.414296253,0.417156253,-0.359490969,-0.773482169,1.379139498,-0.404512871,1.98108724,-2.894440729,1.0529,-1.892666258,1.69671728,-1.358653677,1.610782655,-0.026941366,1.373497585,-1.388126219,-2.656871995,1.255454669,1.403347326,0.036923055,-0.046673055,0.849746281,1.242797801,-2.091404082,-0.00178999999997,0.00137999999998,0.316249779,-0.312824779,0.00343499999997,-1.251453395,-1.007830776,2.250954171,-1.189244846,1.280362789,-0.00606629599997,-0.074951647,0.318137757,-1.296661355,0.975773598,-2.100655772,2.43848894,-0.335763168
1.235676839,-0.739593458,-0.469673381,-0.800236723,0.796826723,0.297114204,1.023359563,-0.854745283,0.580954995,-0.729284876,-0.638852109,-0.71899744,0.040779942,0.28451858,0.118616078,-0.083025471,1.602018554,-1.351951547,-0.30748088,2.761121965,-1.568566275,-0.531934407,-0.278627434,0.643098963,0.362772878,-0.078,-0.148301006,0.383374223,-0.171802028,-0.0265866,-1.098060559,-1.333095185,-1.013761719,-0.197285487,-0.212300394,3.852223755,-0.278855,0.094430546,0.157288506,-0.437999081,-0.24309165,0.428781679,-0.414579108,-0.157348511,0.576537619,-0.000999999999976,0.528702447,-0.494342447,-1.604448423,1.971908423,-1.046588242,1.515564397,-1.205902643,-0.969548627,0.018089077,1.994326038,0.31274109,-0.97063109,-0.08635,0.00326999999999,0.886361551,-0.519980934,-0.367490617,-0.00156000000004,0.00378000000001,-0.146038866,-0.609690784,1.472684847,0.060009803,-0.789635259,0.790850259,0.905440509,-0.44505228,0.351658312,-1.072184356,0.41001383,-0.800828816,0.479722801,0.00132000000002,-0.00102999999996,-0.000430000000051,-0.43216203,0.199742765,-1.137627064,0.666863579,-0.30226225,-1.013990576,2.058325576,-0.07505,-1.731887842,1.43242085
0.207337527,2.816736472,0.465651358,0.741997464,-4.134198822,0.00640000000004,-1.430676917,-2.060038199,-1.600077405,-0.274679226,2.204592568,-1.077909498,0.202217496,-3.705667643,-0.039950183,0.825024332,1.095750665,5.77511401,2.983759666,-2.606545872,-1.582177781,-2.090174707,3.35787803,-0.343760782,0.399371446,-1.025912218,1.100057915,1.595435262,3.076590428,-3.338939818,2.802514591,1.666783083,-2.201362972,1.205221261,3.523873785,-8.324051317,3.670545523,1.036362569,0.024247743,3.121880055,-0.955810536,2.103049731,0.385791979,-0.915226645,-2.671377485,-5.829972934,0.000639999999976,-0.65461078,1.082227567,-0.435146787,0.483131146,0.213267184,1.632769421,1.848883144,-0.558085275,1.146419786,-4.658515406,2.883349409,-4.977496352,2.086416943,-1.048327071,-3.596023504,-2.900820902,-3.928519734,-0.252546748,-0.575331273,-1.603313046,0.644463136,13.256799142,-5.171638376,1.82654286,3.348165516,0.095167803,3.004582066,-2.086462963,0.072759745,1.199521413,0.262453745,0.892592013,-2.785200098,-0.614473724,2.848569326,-3.131275016,0.28844569,-1.020381905,-0.519393139,2.114152575,-0.423277531,-0.22816721,-0.251302183,-0.849981114
-0.73125311,0.73678811,-0.655784499,0.458935259,0.781934798,-0.723919312,0.54084508,0.411829204,-0.82277553,0.538847869,-1.229411039,0.65923817,0.03712,-0.459537363,0.423937363,-0.817388829,0.631745576,0.517388647,-1.239147491,0.320350864,-0.494495733,-0.229710464,1.27609743,-0.067823086,0.050993086,1.056687472,-0.286587952,-0.68964952,0.00716999999997,0.440851016,1.29562801,-1.744129026,0.894452118,-0.517573932,0.758272186,-1.130605372,-0.817865724,0.804190724,0.00743,-1.238028331,1.904755692,-0.708457361,-0.515694441,0.503379441,-0.326039196,0.320334196,0.938215503,0.788321586,1.467318889,-0.273714206,-0.303250744,-2.770151028,-1.035890857,-0.432386099,-1.416617499,-1.706770028,0.690542182,-0.403904781,4.450847082,0.01865,2.38693783,4.478727365,1.361229146,-0.694190065,-7.544894276,-0.424545677,-1.470727992,-0.097575847,0.643181073,-0.356760913,1.480509687,0.135635655,2.659349508,-5.834454139,0.546252651,2.781225994,-1.08553923,0.921220825,1.279639804,2.519477214,-3.705518613,1.422761609,0.780155207,-2.201076816,-3.626998499,-1.608232596,2.740271078,-0.688619716,0.751377963,-4.179554794,-1.73292373
-0.039498209,0.679531077,-0.882557513,-0.05572,0.4203,-0.42492,0.949225499,-0.183352106,0.922182673,-0.233012957,0.331242846,2.165769473,1.233417492,-0.773612475,0.799815779,-5.195146224,0.604339841,0.642571574,-0.104586415,-1.081515,0.333284136,0.107848757,-0.337022893,-0.104574001,-0.715366636,-1.770996134,-0.053103229,2.55953,1.6520176,-0.368558737,-0.49169338,0.28298008,-0.991745563,-0.915245472,-1.251290371,2.022695843,-0.109351427,0.683351427,2.237339754,-2.746689754,1.067732375,-1.039242375,-0.000389999999982,-0.186709348,0.240029348,4.00000000127e-05,-0.304628186,-0.326498822,1.31003354,-0.772496532,0.0282,-0.4480376,-3.1382324,0.128417744,1.51461782,1.366919436,-0.285665,0.36181,-1.009927636,-0.430272037,1.402809875,0.066349798,-0.558367399,-1.552622917,0.616881812,0.519921706,2.010190416,-1.041908579,-0.215599474,0.157414435,0.00914000000006,0.968174047,1.638903114,-2.703797161,-0.736281035,0.727701035,0.07188,-0.05098,1.230366977,-1.226916977,-0.07317,0.933591945,1.165057384,-2.108079329,-0.358858713,0.416753713,-2.946595,-1.173735715,-1.254361694,5.286952409,-0.202575
